"0","#| label: setup"
"0","#| include: false"
"0",""
"0","# Memanggil script backend"
"0","source(""01 - Rapid Survey Analysis (Land cover).R"")"
"1","Reading layer `"
"1","LULC_TutupanLahan25_20260414_v1"
"1","' from data source "
"1","
"
"1","  "
"1","`"
"1","D:\Private - Development\01 - RStudio\06 - T0=ARR\LULC 2025\LULC_TutupanLahan25_20260414_v1.shp"
"1","' "
"1","
"
"1","  "
"1","using driver `"
"1","ESRI Shapefile"
"1","'"
"1","
"
"1","Simple feature collection with 14 features and 6 fields"
"1","
"
"1","Geometry type: MULTIPOLYGON
"
"1","Dimension:     XYZ
"
"1","Bounding box:  "
"1","xmin: 405939.1 ymin: 74551.41 xmax: 431311.5 ymax: 101119"
"1","
"
"1","z_range:       "
"1","zmin: 0 zmax: 0"
"1","
"
"1","Projected CRS: WGS 84 / UTM zone 49N
"
"0","if (!require(""plotly"")) install.packages(""plotly"")"
"0","library(plotly)"
